[{"name":"sakura","email":"sak@gmail.com","username":"samura","password":"a","gender":"male","dob":"2022-07-06"},{"name":"adnan shakib","email":"adnan@gmail.com","username":"adnan","password":"1234","gender":"male","dob":"2022-07-11"},{"name":"adnan","email":"adnan@gmail.com","username":"adnan","password":"a","gender":"male","dob":"2022-07-12"},{"name":"tisha","email":"asg@","username":"tisha","password":"123","gender":"female","dob":"2022-07-22"},{"name":"vf vg n","email":"grhd","username":"vfbgb","password":"123","gender":"female","dob":"2022-07-21"},{"name":"Tisha","email":"Tisha@gmail.com","username":"Tisha","password":"123","gender":"female","dob":"2022-07-07"},{"name":"tisha","email":"jjjj","username":"kkkkk","password":"456","gender":"female","dob":"2022-07-07"},{"name":"tisha","email":"abcd@gmail.com","username":"tisha","password":"123","gender":"female","dob":"2022-07-30"},{"name":"tisha","email":"abcd@gmail.com","username":"tisha","password":"123456","gender":"female","dob":"2022-07-21"},{"name":"tisha","email":"abcd@gmail.com","username":"tisha","password":"123","gender":"female","dob":"2022-07-14"},{"name":"abcd","email":"abcd@gmail.com","username":"abcd","password":"321","gender":"female","dob":"2022-07-14"},{"name":"tisha","email":"abcd@gmail.com","username":"tisha","password":"456","gender":"female","dob":"2022-07-21"},{"name":"tisha","email":"abcd@gmail.com","username":"tisha","password":"456","gender":"female","dob":"2022-07-21"},{"name":"munmun","email":"gfd@gahv","username":"munmun","password":"456","gender":"female","dob":"2022-07-15"},{"name":"Sadia","email":"abcd@gmail.com","username":"Sadia","password":"345","gender":"female","dob":"2022-07-28"},{"name":"tisha","email":"abcd@gmail.com","username":"tisha","password":"1234","gender":"female","dob":"2022-07-28"},{"name":"shanti","email":"abcd@gmail.com","username":"shanti","password":"678","gender":"female","dob":"2022-07-14"},{"name":"tamanna","email":"abcd@gmail.com","username":"tamanna","password":"000","gender":"female","dob":"2022-07-14"},{"name":"tamanna","email":"abcd@gmail.com","username":"tamanna","password":"000","gender":"female","dob":"2022-07-14"},{"name":"tisha","email":"tishamakhnunfatema42409@gmail.com","username":"tisha","password":"123","gender":"female","dob":"2022-08-18"},{"name":"tisha","email":"abcd@gmail.com","username":"tisha","password":"1234","dob":"2022-08-11"},{"name":"tisha","email":"abcd@gmail.com","username":"tisha","password":"1234","dob":"2022-08-10"},{"name":"tisha","email":"abcd@gmail.com","username":"tisha","password":"123","dob":"2022-08-12"},{"name":"tisha","email":"abcd@gmail.com","username":"tisha","password":"1234","dob":"2022-08-12"},{"name":"tisha","email":"abcd@gmail.com","username":"tisha","password":"123","dob":"2022-08-12"},{"name":"tisha","email":"abcd@gmail.com","username":"tisha","password":"1234","dob":"2022-08-10"},{"name":"tisha","email":"abcd@gmail.com","username":"tisha","password":"232","dob":"2022-08-10"},{"name":"sadia","email":"sadia@gmail.com","username":"sadia","password":"456","dob":"2022-08-14"},{"name":"sadia","email":"sadia@gmail.com","username":"sadia","password":"456","dob":"2022-08-14"},{"name":"tisha","email":"abcd@gmail.com","username":"tisha","password":"345","dob":"2022-08-11"}]